CSHT_QNM_00001,Trạm Điện Bàn,"Đài viễn thông Điện Bàn, Khối 7, Thị trấn Vĩnh Điện, Huyện Điện Bàn",5,108.249080,15.889220,
CSHT_QNM_00002,Trạm Điện Ngọc,"Bưu cục Điện Ngọc, Xã Điện Ngọc, Huyện Điện Bàn",5,108.254910,15.955200,
CSHT_QNM_00003,Trạm Đông Giang,"ĐVT Đông Giang, Thị trấn Prao, Huyện Đông Giang",11,107.649810,15.922930,
CSHT_QNM_00004,Trạm Ngã Ba Bình Minh,"Thôn 6, xã Bình Dương, huyện Thăng Bình, Quảng Nam",6,108.407650,15.805440,
CSHT_QNM_00005,Trạm Tiên Sơn,"BĐVHX Tiên Sơn, Thôn3, Xã Tiên Sơn, Huyện Tiên Phước",3,108.278530,15.574160,
CSHT_QNM_00006,Trạm Eo Gió (Phước Thành),"Xã Phước Thành, huyện Phước Sơn, tỉnh Quảng Nam",9,107.887270,15.297150,
CSHT_QNM_00007,Trạm A Vương,"Thôn Ấp Plố 1, xã A Vương, huyện Đông Giang",11,107.568940,15.943970,
CSHT_QNM_00008,Trạm Duy Phú,"Thôn Mỹ Sơn, Xã Mỹ Sơn, Huyện Duy  Xuyên",7,108.107530,15.786400,
CSHT_QNM_00009,Trạm KV Biên Phòng Cửa Đại,"UBND Phường Cửa Đại, Khối Phước Trạch, Phường  Cửa Đại,Tp. Hội An",4,108.379640,15.887840,
CSHT_QNM_00010,Trạm Pà Dấu 2,"Thôn Pà Dấu 2, TT Thạnh Mỹ,Nam Giang, Quảng Nam",11,107.795030,15.780130,
CSHT_QNM_00011,Trạm Sông Thanh,"Thôn Pà ia, xã Cà dy, huyện Nam Giang.",11,107.720080,15.672120,
CSHT_QNM_00012,Trạm Tam Giang,"xã Tam Giang, huyện Núi Thành, tỉnh Quảng Nam",2,108.655040,15.453440,
CSHT_QNM_00013,Trạm Bình An,"Thôn An Mỹ, xã Bình An, huyện Thăng Bình, tỉnh Quảng Nam",6,108.395590,15.634030,
CSHT_QNM_00014,Trạm Phước Đức,"Thôn 5 xã Phước Đức, huyện Phước Sơn, tỉnh Quảng Nam",9,107.772410,15.421620,
CSHT_QNM_00015,Trạm Bà Rén,"Trạm VT Bà Rén, Thôn Bà Rén, Xã Quế Xuân 1, Huyện Quế Sơn",8,108.291870,15.821200,
CSHT_QNM_00016,Trạm QTC Bảo Việt,"Công ty xây lắp Bưu Điện, Quốc Lộ 1A,  Phường Tân Thạnh, Tp. Tam Kỳ",1,108.464090,15.586857,
CSHT_QNM_00017,Trạm Đồi 240 Tiên Lãnh,"Đồi 240, xã Tiên Hiệp, huyện Tiên Phước, Tỉnh Quảng Nam.",3,108.237450,15.421940,
CSHT_QNM_00018,Trạm Điện Thắng Nam,"Thôn Phong Ngũ Tây, xã Điện Thắng Nam, huyện Điện Bàn, tỉnh Quảng Nam",5,108.226160,15.920700,
CSHT_QNM_00019,Trạm Điện Nam Đông,"Thôn 7A, Xã Điện Nam, Huyện Điện Bàn, tỉnh Quảng Nam",5,108.287703,15.900650,
CSHT_QNM_00020,Trạm CLDC 505 Phước Xuân,"Đồi 505, xã Phước Xuân, huyện Phước Sơn",9,107.841650,15.453710,
CSHT_QNM_00021,Trạm PSB Bình Nam,"Tổ 4, Thôn Đông Cát, xã Bình Nam, huyện Thăng Bình, Tỉnh Quảng Nam.",6,108.474400,15.659440,
CSHT_QNM_00022,Trạm PSB Bình Minh,"Tổ 5, Thôn Tân Long, xã Bình Minh, huyện Thăng Bình, Tỉnh Quảng Nam.",6,108.417340,15.785760,
CSHT_QNM_00023,Trạm Xã Zuôi,"thôn ParumB, xã Zuoih huyện Nam Giang tỉnh Quảng Nam",11,107.461650,15.726980,
CSHT_QNM_00024,Trạm Thôn 1 Quế Long,"Thôn 1, Xã Quế Long, Huyện Quế Sơn, tỉnh Quảng Nam",8,108.202030,15.666610,
CSHT_QNM_00025,Trạm Quế Minh,"Thôn Đại Lộc, Xã Quế Minh, huyện Quế Sơn, Tỉnh Quảng Nam",8,108.234710,15.651160,
CSHT_QNM_00026,Trạm Siêu Thị (30PCT),"320 Phan Chu Trinh, Tam Kỳ, Quảng Nam",1,108.483280,15.572450,
CSHT_QNM_00027,Trạm Hòa Hương,"Đường Phan Châu Trinh, Hoà Hương, Tp. Tam Kỳ",1,108.504230,15.559760,
CSHT_QNM_00028,Trạm Chiên Đàn,"Bưu cục Chiên Đàn, thôn Đàn Hạ, xã Tam Đàn, huyện Phú Ninh",1,108.456250,15.594380,
CSHT_QNM_00029,Trạm Quế Hiệp,"BDVHX Quế Hiệp, xã Quế Hiệp, huyện Quế Sơn, tỉnh Quảng Nam",8,108.238330,15.719430,
CSHT_QNM_00030,Trạm Lý Thường Kiệt,206 Trần Quý Cáp TP Tam Kỳ,1,108.466230,15.571660,
CSHT_QNM_00031,Trạm Trường Xuân,"Bưu điện Trường Xuân, Ngã 3 Trường Xuân, Tp. Tam Kỳ",1,108.484530,15.549600,
CSHT_QNM_00032,Trạm An Hà (Đồi QRT),"Đài PTTH Quảng Nam, Tp. Tam Kỳ, Quảng Nam",1,108.478380,15.591070,
CSHT_QNM_00033,Trạm Thôn 7 Tam Ngọc,"Thôn 7, Xã Tam Ngọc, TX Tam Kỳ",1,108.480100,15.533110,
CSHT_QNM_00034,Trạm Tân Phú (Thôn 4 Tam Phú),"Thôn Tam Phú,phường Tân Phú, TP Tam Kỳ",1,108.532480,15.572700,
CSHT_QNM_00035,Trạm Bãi Tắm Tam Thanh,"Khu vực thành phố Tam Kỳ, tỉnh Quảng Nam",1,108.553110,15.584080,
CSHT_QNM_00036,Trạm A Tiêng,"Thôn A Dốc, Xã A Tiêng, huyện Tây Giang, tỉnh Quảng Nam",11,107.519370,15.914990,
CSHT_QNM_00037,Trạm Xã Lăng,"Thôn Nal, xã Xã Lăng, huyện Tây Giang, tỉnh Quảng Nam",11,107.475010,15.854530,
CSHT_QNM_00038,Trạm ĐCTD Sông Bung 2,"KV-Dap Chinh Thủy Điện Sông Bung, Thôn Prum B, xã Zuôi, Huyện Nam Giang",11,107.403340,15.714870,
CSHT_QNM_00039,Trạm Sông Bung,"Thôn Vinh, xã TaBing, huyện Nam Giang, Quảng Nam",11,107.644550,15.673880,
CSHT_QNM_00040,Trạm Đắc Ốc,"Cửa khẩu Đắc Ốc, xã La Ê, huyện Nam Giang, tỉnh  Quảng Nam",11,107.376010,15.541680,
CSHT_QNM_00041,Trạm BTS A Zích,"Xã A Zut, Huyện Tây Giang, tỉnh Quảng Nam",11,107.536340,15.931130,
CSHT_QNM_00042,Trạm TĐ A Vương 2 (Xã Ôi),"Thôn xã Ơi 2, xã A Vương, Huyện Tây Giang, Quảng Nam",11,107.601250,15.941890,
CSHT_QNM_00043,Trạm A Sờ,"Thôn A Sờ, xã Mà Cooih, huyện Đông Giang",11,107.695230,15.835090,
CSHT_QNM_00044,Trạm Thăng Bình,"Đài viễn thông Thăng Bình, Tổ  3, Khu Phố 2, Thị trấn Hà Lam, Huyện Thăng Bình",6,108.359430,15.742550,
CSHT_QNM_00045,Trạm Kế Xuyên,"Thôn 4, Xã Bình Trung, Huyện Thăng Bình, Quảng Nam",6,108.406430,15.677520,
CSHT_QNM_00046,Trạm Bình Phục,"Tổ 3, thôn Tất Viên, xã Bình Phục, huyện Thăng Bình, tỉnh Quảng Nam",6,108.380490,15.739330,
CSHT_QNM_00047,Trạm Bình Quý,"Xã Bình Quý, Huyện Thăng Bình, tỉnh Quảng Nam",6,108.341090,15.711370,
CSHT_QNM_00048,Trạm Quán Gò,"Bưu cục Quán Gò, Thôn An Thành 1, Xã Bình An, Huyện Thăng Bình",6,108.431800,15.636440,
CSHT_QNM_00049,Trạm Bình Tú,"Xã Bình Tú, Huyện Thăng Bình, tỉnh Quảng Nam",6,108.392850,15.706540,
CSHT_QNM_00050,Trạm Bình Giang,"Thôn 2 xã Bình Giang, huyện Thăng Bình, tỉnh Quảng Nam",6,108.348160,15.802540,
CSHT_QNM_00051,Trạm Tam An 2 (Thôn Hòa Bình),"Thôn Hòa Bình, xã Tam Thái, huyện Phú Ninh",1,108.436390,15.556860,
CSHT_QNM_00052,Trạm Thôn 8 Tam lộc,"Thôn 6, xã Tam Lộc, huyện Phú Ninh, tỉnh Quảng Nam",1,108.362080,15.589800,
CSHT_QNM_00053,Trạm Tam Lộc,"Bưu điện văn hóa xã Tam Lộc, thôn 2, xã Tam Lộc, huyện Phú Ninh",1,108.367270,15.564450,
CSHT_QNM_00054,Trạm Tam Vinh (Phú ninh),"Đài viễn thông Phú Ninh, thôn 6, xã Tam Vinh, 
huyện Phú Ninh, tỉnh Quảng Nam",1,108.414720,15.551740,
CSHT_QNM_00055,Trạm Tam Thành,"Thôn Khánh Lộc, xã Tam Thành, huyện Phú Ninh, tỉnh Quảng Nam",1,108.412440,15.615880,
CSHT_QNM_00056,Trạm BĐVHX Tam An,"Bưu điện văn hóa xã Tam An, thôn An Mỹ 2, xã Tam An, huyện Phú Ninh",1,108.426510,15.593950,
CSHT_QNM_00057,Trạm Hồ Phú Ninh,"Thôn Tam Thái, xã Tam Đại, huyện Phú Ninh, tỉnh Quảng Nam",1,108.460380,15.508630,
CSHT_QNM_00058,Trạm Bình Dương,"BĐVHX Bình Dương, Thôn 2, Xã Bình Dương, Huyện Thăng Bình",6,108.380710,15.803850,
CSHT_QNM_00059,Trạm Bình Chánh,"Tổ 1 thôn Ngũ xã, xã Bình Chánh huyện Thăng Bình",6,108.352780,15.661140,
CSHT_QNM_00060,Trạm Bình Nam 2,"Thôn Thái Đông, xã Bình Nam, huyện Thăng Bình, Quảng Nam",6,108.460780,15.645140,
CSHT_QNM_00061,Trạm Tam Thạnh,"Thôn 2, xã Tam Thạnh, huyện Núi Thành",2,108.528860,15.436170,
CSHT_QNM_00062,Trạm Phước Thành 2,"Thôn 1,Xã Phước Thành,Huyện Phước Sơn,QNM",9,107.886070,15.271730,
CSHT_QNM_00063,Trạm Phước Sơn,"Đài Viễn thông Phước Sơn, Khối 4, Thị trấn Khâm Đức, Huyện Phước Sơn",9,107.793350,15.444830,
CSHT_QNM_00064,Trạm Phước Thành,"Xã Phước Thành, huyện Phước Sơn, Quảng Nam",9,107.891170,15.285900,
CSHT_QNM_00065,Trạm Phước Công,"Xã Phước Công, Huyện Phước Sơn.",9,107.825450,15.331820,
CSHT_QNM_00066,Trạm Khu TDC DakMi,Khu taí định cư Dak-Mi,9,107.921390,15.456160,
CSHT_QNM_00067,Trạm La Du 2,"Thôn La Đu,Xã Phước Xuân, Huyện Phước Sơn, Quảng Nam",9,107.817540,15.525380,
CSHT_QNM_00068,Trạm Phước Mỹ,"BĐVHX Phước Mỹ, Xã Phước Mỹ, Huyện Phước Sơn",9,107.755680,15.365270,
CSHT_QNM_00069,Trạm Kiểm Lâm_Phước Hiệp,"Xã Phước Hiệp, huyện Phước Sơn, Quảng Nam",9,107.986670,15.499240,
CSHT_QNM_00070,Trạm Nam Giang,"Viễn thông Nam Giang,Thôn Thành Mỹ 2, Thị trấn Thạnh Mỹ, Huyện Nam Giang",11,107.836320,15.748860,
CSHT_QNM_00071,Trạm Pà Dấu 1,"Thôn Pà Dấu 1, TT Thạnh Mỹ, huyện Nam Giang",11,107.756730,15.784060,
CSHT_QNM_00072,Trạm Pà Lừa,"Thôn Pà Lừa, xã TaBing, huyện Nam Giang, Quảng Nam",11,107.656940,15.668630,
CSHT_QNM_00073,Trạm Bến Giằng,"Bưu điện Bến Giằng, thôn Bến Giằng, thị trấn Cà Dy, huyện Nam Giang",11,107.768940,15.692340,
CSHT_QNM_00074,Trạm Đồi Mỹ Hiệp,"Trạm viba Đồi Mỹ Hiệp, thôn Hoa, thị trấn Thạnh Mỹ, Huyện Nam Giang",11,107.842880,15.766940,
CSHT_QNM_00075,Trạm Làng Rô,"Thôn Rô, xã Làng Rô, huyện Nam Giang",11,107.833720,15.634730,
CSHT_QNM_00076,Trạm Phước Năng,"Xã Phước Năng, huyện Phước Sơn, tỉnh Quảng Nam",9,107.761070,15.399950,
CSHT_QNM_00077,Trạm Phước Chánh,"Xã Phước Chánh, Phước Sơn, Quảng Nam",9,107.818050,15.366750,
CSHT_QNM_00078,Trạm DakMi 4,"KV xã Phước Hiệp, Huyện Phước Sơn, tỉnh Quảng Nam",9,107.903530,15.441020,
CSHT_QNM_00079,Trạm Quế bình,"Thôn 2, Xã Quế Bình, Huyện Hiệp Đức, tỉnh Quảng Nam",9,108.092710,15.566190,
CSHT_QNM_00080,Trạm Quế Sơn,"Trung tâm viễn thông II, Thị trấn Đông Phú, Huyện Quế Sơn",8,108.222413,15.674465,
CSHT_QNM_00081,Trạm Hương An,"Đài CSND Hương An, xã Hương An, huyện Quế Sơn",8,108.328970,15.777670,
CSHT_QNM_00082,Trạm KV Quế Phú,"UBND Xã Quế Phú, Thôn 11, Xã Quế Phú, Huyện Quế Sơn",8,108.316510,15.792750,
CSHT_QNM_00083,Trạm Cửa Đại,"Số11 Cửa Đại, Khối Phước Tân, Phường Cửa Đại, Thị xã Hội An (nay là Tp. Hội An)",4,108.365080,15.896110,
CSHT_QNM_00084,Trạm An Bàng,"BĐVHX An Bàng, Khối An Tân, Phường Cẩm An, Tp. Hội An",4,108.340190,15.911800,
CSHT_QNM_00085,Trạm Cẩm An,"Tổ 6 Tân Thành, Phường Cẩm An,TP Hội An",4,108.354480,15.902370,
CSHT_QNM_00086,Trạm Quế Châu,"Thôn Phước Đa, xã Quế Châu, huyện Quế Sơn, tỉnh Quảng Nam",8,108.249410,15.674340,
CSHT_QNM_00087,Trạm Quế Xuân 2,"Xã Quế Xuân, huyện Quế Sơn, tỉnh Quảng Nam",8,108.284520,15.789120,
CSHT_QNM_00088,Trạm Quế Thuận,"Xã Quế Thuận, huyện Quế Sơn, tỉnh Quảng Nam",8,108.258480,15.695450,
CSHT_QNM_00089,Trạm Quế Long,"Xã Quế Long, Huyện Quế Sơn, tỉnh Quảng Nam",8,108.187420,15.676840,
CSHT_QNM_00090,Trạm Quế An,Bên cạnh UBNN Xã Quế An- Quế Sơn -QNM.,8,108.212575,15.650270,
CSHT_QNM_00091,Trạm Bình Phú,"Xã Bình Phú, huyện Thăng Bình, tỉnh Quảng Nam",6,108.335730,15.645830,
CSHT_QNM_00092,Trạm Bình Trị,"Xã Bình Trị, huyện Thăng Bình, tỉnh Quảng Nam",6,108.290930,15.666600,
CSHT_QNM_00093,Trạm NMTD Sông Bung 2,"Nhà máy thủy điện Sông Bung, huyện Nam Giang-Quảng Nam",11,107.484540,15.704700,
CSHT_QNM_00094,Trạm Tà Bhinh,"BĐVHX Tà Bhinh, Thôn Pà Xua, Xã Tà Bhinh, Huyện Nam Giang",11,107.703020,15.661460,
CSHT_QNM_00095,Trạm Ca Dy,"Thôn Bà Căng, xã Cà Dy, huyện Nam Giang, tỉnh Quảng Nam",11,107.796360,15.676990,
CSHT_QNM_00096,Trạm Thôn 2 Trà Don,Thôn 2 Xã Trà Don Huyện Nam Trà My,3,108.119700,15.095670,
CSHT_QNM_00097,Trạm KL Nông Sơn,"Thôn Trung Thượng (Cà Tang), Xã Quế Trung, Huyện  Nông Sơn",8,108.038630,15.714070,
CSHT_QNM_00098,Trạm Quế Ninh,"Xã Quế Ninh -huyện Nông Sơn, tỉnh Quảng Nam",8,108.017100,15.684640,
CSHT_QNM_00099,Trạm An Hòa,"Bưu điện khu kinh tế mở Chu Lai, Xã Tam Quang, Huyện Núi Thành",2,108.684820,15.471240,
CSHT_QNM_00100,Trạm Diêm Phổ,"Bưu cục Diêm Phổ, Thôn Diêm Phổ, Xã Tam Anh Nam, Huyện Núi Thành",2,108.586240,15.479710,
CSHT_QNM_00101,Trạm Tam Hiệp,"Thôn 2, Xã Tam Hiệp, Huyện Núi Thành, tỉnh Quảng Nam",2,108.602610,15.461930,
CSHT_QNM_00102,Trạm Bà Bầu,"Bưu cục Bà Bầu, Thôn Phú Hưng,  Xã Tam Xuân 1, Huyện Núi Thành",2,108.522370,15.545340,
CSHT_QNM_00103,Trạm Tam Quang,"Thôn 8, xã Tam Quang, huyện Núi Thành, tỉnh Quảng Nam",2,108.683010,15.447890,
CSHT_QNM_00104,Trạm Tam Xuân 2,"Xã Tam Xuân, Huyện Núi Thành, tỉnh Quảng Nam",2,108.545820,15.529140,
CSHT_QNM_00105,Trạm Thạch Bích,"Xã Thạch Bích, huyện Núi Thành, tỉnh Quảng Nam",2,108.511650,15.525420,
CSHT_QNM_00106,Trạm Đồng Nhơn,"Thôn 4, xã Tam Mỹ Tây, Núi Thành, QNM",2,108.618310,15.418090,
CSHT_QNM_00107,Trạm Tam mỹ Đông,"Xã Tam Mỹ Đông, huyện Núi Thành, tỉnh Quảng Nam",2,108.641690,15.413200,
CSHT_QNM_00108,Trạm Thôn 5 Tam Quang,"Thôn 5 Tam Quang,Huyện Núi Thành, Quảng Nam",2,108.686490,15.436340,
CSHT_QNM_00109,Trạm Nam Chu Lai,"Thôn Hòa Xuân, Xã Tam Nghĩa, huyện núi Thành, Quảng Nam",2,108.710620,15.384830,
CSHT_QNM_00110,Trạm Đèo Le,"Đèo Le, Quế Sơn, Quế Xuân",8,108.158830,15.689300,
CSHT_QNM_00111,Trạm BĐ Tam kỳ,"Bưu điện Tp. Tam Kỳ, 18 Trần Cao Vân, Phường An Xuân, Tp. Tam Kỳ",1,108.493230,15.565010,
CSHT_QNM_00112,Trạm Tam Kỳ,"Trung Tâm Viễn Thông I, 02 Phan Bội Châu, Tp. Tam Kỳ",1,108.475710,15.577860,
CSHT_QNM_00113,Trạm KCN HTKháng,"330 Huỳnh Thúc Kháng, Tp. Tam Kỳ, Quảng Nam",1,108.484330,15.558250,
CSHT_QNM_00114,Trạm KDC Bưu Điện,"Phường Hòa Thuận, TP Tam Kỳ, Quảng Nam",1,108.466710,15.579280,
CSHT_QNM_00115,Trạm Tam Tiến,"Thôn Tân Bình Trung, Xã Tam Tiến, Huyện Núi Thành",2,108.582050,15.545170,
CSHT_QNM_00116,Trạm Tam Trà,"Xã Tam Trà, huyện Núi Thành, tỉnh Quảng Nam",2,108.499500,15.385080,
CSHT_QNM_00117,Trạm Tam Sơn,"Thôn Thuận Yên Đông, Xã Tam Sơn, Huyện Núi Thành",2,108.473300,15.437460,
CSHT_QNM_00118,Trạm Tam Dân 2,"Thôn Ngọc Tú, xã Tam Dân, huyện Phú Ninh",1,108.387001,15.511800,
CSHT_QNM_00119,Trạm Phong Thử,"Bưu cục Phong Thử, Thôn Phong Thử, Xã Điện Thọ, Huyện Điện Bàn",5,108.180300,15.888500,
CSHT_QNM_00120,Trạm Ngã ba La Nghi,"Thôn 7B, Xã  Điện Nam Đông, Huyện Điện Bàn, tỉnh Quảng Nam",5,108.290540,15.891120,
CSHT_QNM_00121,Trạm Lạc Thành,"Thôn Lạc Thành Đông, xã Điện Hồng, huyện Điện Bàn, tỉnh Quảng Nam",5,108.145770,15.888540,
CSHT_QNM_00122,Trạm KV Bình Sa (BTS),"BĐVHX Bình Sa,  Thôn Bình Trúc 1, Xã Bình Sa, Huyện Thăng Bình",6,108.460420,15.682080,
CSHT_QNM_00123,Trạm Bình Sa (CSN),"Xã Bình Sa, huyện Thăng Bình, tỉnh Quảng Nam",6,108.444050,15.699330,
CSHT_QNM_00124,Trạm Bình Tân,"Thôn Bình Tân, Xã Bình Minh, Huyệ Thăng Bình, Tỉnh quảng Nam",6,108.440830,15.752930,
CSHT_QNM_00125,Trạm Tiên Phước,"Đài viễn thông Tiên Phước, Thị trấn Tiên Kỳ, Huyện Tiên Phước",3,108.308180,15.489260,
CSHT_QNM_00126,Trạm Tiên Thọ,"Xã Tiên Thọ, Huyện Tiên Phước, tỉnh Quảng Nam",3,108.357880,15.489370,
CSHT_QNM_00127,Trạm Tiên Kỳ 2,"Tiên Kỳ, Tiên Phước , Quảng Nam",3,108.321900,15.478710,
CSHT_QNM_00128,Trạm Đèo Liêu,"Thôn 4, xã Tiên Cảnh, Huyện Tiên Phước, Quảng Nam",3,108.277150,15.434490,
CSHT_QNM_00129,Trạm Thủy Điện Sông Tranh 3,"Thôn 8,Xã Tiên Lãnh,huyện Tiên Phước,Quảng Nam",3,108.152990,15.448190,
CSHT_QNM_00130,Trạm Đại Sơn,"Khuôn viên UBND xã, Thôn Hội Khách, Xã Đại Sơn, Huyện Đại Lộc, tỉnh Quảng Nam",10,107.902370,15.819600,
CSHT_QNM_00131,Trạm Đại Thạnh,"Khuôn viên UBND xã, Thôn Tây Lễ, Xã Đại Thạnh, Huyện Đại Lộc, tỉnh Quảng Nam",10,108.044460,15.786300,
CSHT_QNM_00132,Trạm Đại Chánh,"Đội 3, thôn Tập Phước, xã Đại Chánh, huyện Đại Lộc, Quảng Nam.",10,108.041700,15.804990,
CSHT_QNM_00133,Trạm Đại Tân,"Khuôn viên UBND xã, Thôn Xuân Tây, Xã Đaị Tân, Huyện Đai Lộc, tỉnh Quảng Nam",10,108.054410,15.822600,
CSHT_QNM_00134,Trạm Nhà máy cồn Đại Tân,"Nhà máy Cồn Đại Tân,xã Đại Tân, huyện Đại Lộc, tỉnh QNM",10,108.024730,15.834070,
CSHT_QNM_00135,Trạm Điện Thắng,"Đài viễn thông Điện Thắng Bắc, Thôn Bồ Mưng, Xã Điện Thắng, Huyện Điện Bàn",5,108.222900,15.943110,
CSHT_QNM_00136,Trạm Vĩnh Điện 2,"Thôn Trung  Phú 1, Xã Điện Minh, Huyện Điện Bàn, tỉnh Quảng Nam",5,108.261180,15.889150,
CSHT_QNM_00137,Trạm Điện Phương (Bưu Cục),"Bưu điện Điện Phương, Thôn Thanh Chiêm,  Xã Điện Phương, Huyện Điện Bàn, tỉnh Quảng Nam",5,108.262830,15.868480,
CSHT_QNM_00138,Trạm Tiên Hà,"Thôn Phú Vinh, xã Tiên Hà, huyện Tiên Phước, tỉnh Quảng Nam",3,108.245870,15.548300,
CSHT_QNM_00139,Trạm Tiên Cẩm,"Xã Tiên Cẩm, Huyện Tiên Phước, tỉnh Quảng Nam",3,108.293920,15.555600,
CSHT_QNM_00140,Trạm Dốc Tờn,"Dốc Tồn, Xã Tiên Hiệp, Huyện Tiên Phước, QNM",3,108.245710,15.396470,
CSHT_QNM_00141,Trạm Tiên Ngọc,"Thôn 4, Xã Tiên Ngọc, Huyện Tiên Phước, tỉnh Quảng Nam",3,108.205670,15.445870,
CSHT_QNM_00142,Trạm Điện Thọ 3,"Thôn Bì Nhai, xã Điện Thọ, huyện Điện Bàn, tỉnh Quảng Nam",5,108.190090,15.868290,
CSHT_QNM_00143,Trạm Bắc Trà My,"Viễn thông Bắc Trà My, Thị trấn Trà My, Huyện Bắc Trà My",3,108.222230,15.339870,
CSHT_QNM_00144,Trạm Trà Giang,"Thôn 1, Xá Trà Giang, Huyện Bắc Trà My",3,108.244580,15.326350,
CSHT_QNM_00145,Trạm Sông Trường,"Tổ Mậu Long, xã Trà Sơn, huyện Bắc Trà My",3,108.192570,15.335780,
CSHT_QNM_00146,Trạm Trà Đông,"BDVHX Trà Dong, xã Trà Dong, huyện Bắc Trà My, tỉnh Quảng Nam",3,108.326070,15.375030,
CSHT_QNM_00147,Trạm Viêm Minh (Ngã ba Dương Ngọc),"Nhà văn hóa thôn Viêm Minh, xã Điện Ngọc, huyện Điện Bàn",5,108.279410,15.949940,
CSHT_QNM_00148,Trạm Quảng Gia,"Thôn Quảng Gia, xã Điện Dương, huyện Điện Bàn",5,108.301528,15.942701,
CSHT_QNM_00149,Trạm Gò Nổi (Điện Trung),"Xã Điện Trung, huyện Điện Bàn, tỉnh Quảng Nam",5,108.208570,15.839780,
CSHT_QNM_00150,Trạm Điện Trung 2,"Thôn 4 Tân Bình, xã Điện Trung, huyện Điện Bàn, QNM",5,108.210260,15.858850,
CSHT_QNM_00151,Trạm Quyết Thắng,"Nông trường Quyết Thắng, thôn Ban Mai 2, xã Ba, huyện Đông Giang, tỉnh Quảng Nam",11,107.922100,15.960650,
CSHT_QNM_00152,Trạm Sông Kôn,"Thôn Bền, xã Sông Kôn, Huyện Đông Giang, tỉnh Quảng Nam",11,107.781940,15.966160,
CSHT_QNM_00153,Trạm Xã Tư,"Thôn Láy, xã Tư, huyện Đông Giang, tỉnh Quảng Nam",11,107.904230,16.004290,
CSHT_QNM_00154,Trạm Ngã 3 Sông Kôn,"Ngã 3 Thủy điện Sông Kôn, Tà Lò2, xã Zơ Ngây, huyện Đông Giang, Quảng Nam",11,107.799560,15.955870,
CSHT_QNM_00155,Trạm A Tép,"Thôn A Tép 1, Xã A Bhallê, huyện Tây Giang",11,107.512570,15.965660,
CSHT_QNM_00156,Trạm Ba Liên,"Thôn Ba Liên, Xã Ating, huyện Đông Giang, Tỉnh Quảng Nam",11,107.844960,15.974510,
CSHT_QNM_00157,Trạm NMTD Za Hưng,"Nhà máy Thủy Điện Gia Hưng, thôn Cà Dâu, xã Zà Hung, huyện Đông Giang",11,107.653690,15.845410,
CSHT_QNM_00158,Trạm Ta Lu,"Thôn Pà Nai 2, xã Tà Lu, huyện Đông Giang",11,107.684030,15.928540,
CSHT_QNM_00159,Trạm Trà Dương,"Xã Trà Dương, Huyện Bắc Trà My, tỉnh Quảng Nam",3,108.254300,15.372630,
CSHT_QNM_00160,Trạm Trà Dơn,"Xã Trà Don, huyện Nam Trà My, tỉnh Quảng Nam",3,108.096950,15.251030,
CSHT_QNM_00161,Trạm Đại Lộc,"ĐVT Đại Lộc, tổ 3, khu 2, thị trấn Ái Nghĩa, huyện Đại Lộc",10,108.110940,15.884210,
CSHT_QNM_00162,Trạm Hà Tân,"Bưu điện Hà Tân, tổ 4, thôn Hà Tân, xã Đại Lãnh, Huyện Đại Lộc, tỉnh Quảng Nam",10,107.933330,15.844030,
CSHT_QNM_00163,Trạm Đại Nghĩa,"Trạm PT-TH Núi Lỡ, thôn Trường An, Xã Đại Nghĩa, Huyện Đại Lộc",10,108.081250,15.878090,
CSHT_QNM_00164,Trạm Đại Cường,"Khuôn viên UBND xã, thôn Thanh Vân, xã Đại Cường, Huyện Đại Lộc",10,108.086840,15.846380,
CSHT_QNM_00165,Trạm Đại Đồng 2,"Tổ 3, thôn Vĩnh Phước, xã Đại Đồng, Huyện Đại Lộc",10,107.995730,15.855770,
CSHT_QNM_00166,Trạm Phú Hương,"Tổ 5, thôn Phú Hương, xã Đại Quang, huyện Đại Lộc, Tỉnh Quảng Nam",10,108.037500,15.865950,
CSHT_QNM_00167,Trạm Bà Nà,"KDL Bà Nà, Huyện Hòa Vang, Đà Nẵng",11,107.985046,15.998350,
CSHT_QNM_00168,Trạm Đại Hồng,"Tổ 3, thôn Phước Lâm, xã Đại Hồng, huyện Đại Lộc, tỉnh Quảng Nam",10,107.960160,15.841150,
CSHT_QNM_00169,Trạm Đại Quang,"Khuôn viên UBND xã, thôn Đông Lâm, xã Đại Quang, Huỵên Đại Lộc, tỉnh Quảng Nam",10,108.053250,15.870130,
CSHT_QNM_00170,Trạm Duy Hải,"BDVHX Duy Hải, xã Duy Hải, huyện Duy Xuyên, Quảng Nam",7,108.389250,15.858610,
CSHT_QNM_00171,Trạm Duy Trung,"Thôn 5 xã Duy Trung, huyện Duy Xuyên",7,108.253140,15.811230,
CSHT_QNM_00172,Trạm Duy Phước,"Thôn Hòa Bình, Xã Duy Phước, Huyện Duy Xuyên",7,108.306220,15.843020,
CSHT_QNM_00173,Trạm Duy Nghĩa (Nồi Rang),"Thôn Hội Sơn, Xã Duy Nghĩa, huyện Duy Xuyên, tỉnh Quảng Nam",7,108.371860,15.853760,
CSHT_QNM_00174,Trạm Duy Châu,"Xã Duy Châu, Huỵên Duy Xuyên, tỉnh Quảng Nam",7,108.150050,15.835750,
CSHT_QNM_00175,Trạm Chợ Giỏ,"Chợ Giỏ, Thôn 1, Xã Duy Trinh, Huyện Duy Xuyên",7,108.205150,15.827950,
CSHT_QNM_00176,Trạm Duy Thu,"Xã Duy Thu, Huỵên Duy Xuyên, tỉnh Quảng Nam",7,108.067820,15.799740,
CSHT_QNM_00177,Trạm Mỹ Sơn (Viettel),"Bưu cục Mỹ Sơn, Thôn Mỹ Sơn, Xã Duy Phú, Huyện Duy Xuyên",7,108.117320,15.775420,
CSHT_QNM_00178,Trạm Hiệp Đức,"Trung tâm viễn thông II,  Thôn 1, Thị trấn Tân An, Huyện Hiệp Đức",9,108.114710,15.583460,
CSHT_QNM_00179,Trạm Quế Thọ,"Thôn Nam An Sơn,  Xã  Quế Thọ, Huyện Hiệp Đức, tỉnh Quảng Nam",9,108.166110,15.602790,
CSHT_QNM_00180,Trạm Ngã Ba Phú Bình,"Bưu điện Phú Bình, Thôn Phú Cốc Tây, Ngã 3 Phú Bình, Huyện Hiệp Đức",9,108.196300,15.614450,
CSHT_QNM_00181,Trạm Bình Lâm,"Thôn Ngọc Lâm, Xã Bình Lâm, Huyện Hiệp Đức",9,108.228810,15.596340,
CSHT_QNM_00182,Trạm Hiệp Thuận,"Hiệp Thuận, huyện Hiệp Đức, Quảng Nam",9,108.091740,15.582760,
CSHT_QNM_00183,Trạm Quế Lưu,"Thôn 3 xã Quế Lưu, huyện Hiệp Đức, tỉnh Quảng Nam",9,108.118320,15.548490,
CSHT_QNM_00184,Trạm Bình Sơn,"Thôn 2, Xã Bình Sơn, Huyện Hiệp Đức",9,108.202420,15.563010,
CSHT_QNM_00185,Trạm Bình Nam,"Xã Bình Nam, huyện Thăng Bình, tỉnh Quảng Nam",6,108.483120,15.650730,
CSHT_QNM_00186,Trạm Thôn 2 Sông Trà,"Thôn 2 Sông Trà, Huyện Hiệp Đức, Quảng Nam",9,108.014070,15.540850,
CSHT_QNM_00187,Trạm Sông Trà,"BĐVHX Sông Trà, Thôn 3, Xã Sông Trà,  Huyện Hiệp Đức, Quảng Nam",9,108.041450,15.540500,
CSHT_QNM_00188,Trạm Phước Trà,"Thôn 3, Xã Phước Trà, Huyện Hiệp Đức, Tỉnh Quảng Nam (42)",9,108.030080,15.519320,
CSHT_QNM_00189,Trạm Tân An (Nhà máy nước),"Phường Tân An, TP Hội An",4,108.326090,15.887220,
CSHT_QNM_00190,Trạm Cẩm Châu (410 Cửa Đại),"Trạm viễn thông Cẩm Châu , Hội An -Quảng Nam.",4,108.348180,15.883370,
CSHT_QNM_00191,Trạm UB Cẩm Hà (Trường Lệ),"UBND xã Cẩm Hà, Tp Hội An, tỉnh Quảng Nam",4,108.321760,15.900570,
CSHT_QNM_00192,Trạm Cẩm Sa,"Bưu điện văn hóa xã Cẩm Sa, thôn Quảng Lăng 1, xã Điện Nam Trung, huyện Điện Bàn",5,108.268890,15.914760,
CSHT_QNM_00193,Trạm Cẩm Kim,"BĐVHX Cẩm Kim, Thôn Trung Hà, Xã Cẩm Kim, Thị xã Hội An (nay là Tp. Hội An)",4,108.324280,15.863790,
CSHT_QNM_00194,Trạm Cẩm Thanh,"Xã Cẩm Thanh, Tp Hội An, tỉnh Quảng Nam",4,108.363470,15.883630,
CSHT_QNM_00195,Trạm RLU Điện Dương,"Thôn Hà My , Xã  Điện Dương, Huyện Điện Bàn, tỉnh Quảng Nam",5,108.320700,15.924290,
CSHT_QNM_00196,Trạm Điện Phước,"Thôn Nhị Dinh 3, Xã Điện Phước, Huyện Điện Bàn, tỉnh Quảng Nam",5,108.205690,15.874920,
CSHT_QNM_00197,Trạm Điện Tiến,"Thôn Châu Bí, Xã Điện Tiến, Huyện Điện Bàn, tỉnh Quảng Nam",5,108.160210,15.912830,
CSHT_QNM_00198,Trạm UB Điện Dương,"UBND xã Điện Dương , Thôn 2, Xã Điện Dưong, Huyện Điện Bàn",5,108.302670,15.930340,
CSHT_QNM_00199,Trạm Bầu Tây,"Tổ 5, thôn Bộ Nam, xã Đại Hòa, huyện Đại Lộc, Quảng Nam",10,108.136400,15.862150,
CSHT_QNM_00200,Trạm Hà Nha (Đại Đồng 1),"BDVHX Đại Đồng, tổ 7, thôn Hà Nha, xã Đại Đồng, huyện Đại Lộc, Quảng Nam.",10,108.013890,15.851060,
CSHT_QNM_00201,Trạm KTế ĐLộc,"Thôn Đại An, xã Đại Nghĩa, huyện Đại Lộc, Quảng Nam",10,108.098800,15.905300,
CSHT_QNM_00202,Trạm An Điềm,"Tổ 3, thôn An Điềm, Xã Đại Lãnh, Huyện Đại  Lộc",10,107.886280,15.872280,
CSHT_QNM_00203,Trạm Chợ Trạm,"Bưu cục Chợ Trạm, Thôn 9, Xã Tam Hiệp, Huyện Núi Thành",2,108.635100,15.441030,
CSHT_QNM_00204,Trạm Quế Lâm,"Thôn 4, xã Quế Lâm, huyện Nông Sơn, tỉnh Quảng Nam",8,107.988890,15.646410,
CSHT_QNM_00205,Trạm Tiên Lập,"Thôn 3, xã Tiên Lập, huyện Tiên Phước, tỉnh Quảng Nam",3,108.369716,15.433456,
CSHT_QNM_00206,Trạm Đại Minh,"Trạm viễn thông Đại Minh, Thôn Ấp Nam, Xã  Đại Minh, Huyện Đaị Lộc",10,108.066360,15.853980,
CSHT_QNM_00207,Trạm Đại Hưng,"Thôn Mậu Lâm, Xã Đại Hưng, Huyện Đại Lộc",10,107.913020,15.862030,
CSHT_QNM_00208,Trạm Hai Bà Trưng (Cửa Suối),"Phường Tân Phú, Thị Xã Hội An,Tỉnh Quảng Nam",4,108.328830,15.892840,
CSHT_QNM_00209,Trạm La Dê,"Thôn Đắc Rế, xã La Dê, huyện Nam Giang",11,107.453890,15.600890,
CSHT_QNM_00210,Trạm Tam Dân,"Thôn Cây Sanh, xã Tam Dân, huyện Phú Ninh, tỉnh Quảng Nam",1,108.420260,15.524070,
CSHT_QNM_00211,Trạm Quế Cường,"Thôn 2, xã Quế Cường, huyện Quế Sơn, tỉnh Quảng Nam",8,108.308110,15.754800,
CSHT_QNM_00212,Trạm Bình Triều (Chợ Được),"Thôn Chợ  Được, xã Bình Triều, Huyện Thăng Bình, Quảng Nam",6,108.393874,15.757640,
CSHT_QNM_00213,Trạm A Nông,"Thôn A Rớt, xã A Nông, Huyện Tây Giang",11,107.467040,15.953920,
CSHT_QNM_00214,Trạm Bà Bồn,"Xã Phước Mỹ, Huyện Phước Sơn",9,107.744080,15.350320,
CSHT_QNM_00215,Trạm Tam Phú,"Xã Tam Phú, huyện Núi Thành, tỉnh Quảng Nam",1,108.514960,15.581520,
CSHT_QNM_00216,Trạm Tam Thăng,"Xã Tam Thăng, TP Tam Kỳ, tỉnh Quảng Nam",1,108.511730,15.625200,
CSHT_QNM_00217,Trạm Bình Quế,"Tổ 6, Thôn Bình Quang, Xã Bình Quế, Huyện Thăng Bình",6,108.377800,15.634640,
CSHT_QNM_00218,Trạm Tam Thái,"Thôn Khánh Thịnh, xã Tam Thái, huyện Phú Ninh",1,108.452090,15.539770,
CSHT_QNM_00219,Trạm Tam Anh Bắc,"Thôn 4, Xã Tam Anh Bắc, Huyện Núi Thành",2,108.562230,15.514390,
CSHT_QNM_00220,Trạm Bình Minh (CSND),"Xã Bình Minh, huyện Thăng Bình, tỉnh Quảng Nam",6,108.422860,15.773230,
CSHT_QNM_00221,Trạm Cẩm Nam,"BĐVHX Cẩm Nam, Thôn 1B Châu Trung, Phường Cẩm Nam,  Tp. Hội An",4,108.338410,15.873260,
CSHT_QNM_00222,Trạm Cầu Chìm,"BC Cầu Chìm, thị trấn Nam Phước, huyện Duy Xuyên",7,108.257420,15.827670,
CSHT_QNM_00223,Trạm Thuận Yên,"Thôn Đông Yên, Phường Hòa Thuận, Thuận Yến, Tp.Tam Kỳ",1,108.460330,15.564400,
CSHT_QNM_00224,Trạm Nam Giang 2,"Thôn Pà Dấu, Thị Trấn Thạnh Mỹ, huyện Nam Giang",11,107.821590,15.735440,
CSHT_QNM_00225,Trạm Đại Hiệp,"Trạm viễn thông Đại Hiệp, tổ 2, Thôn Tích Phú, Xã Đại Hiệp, Huyện Đại Lộc",10,108.126360,15.918060,
CSHT_QNM_00226,Trạm Núi Thành,"Bưu điện Núi Thành, Khối 3, Thị trấn Núi Thành,  Huyện Núi Thành",2,108.660013,15.429850,
CSHT_QNM_00227,Trạm Quế Phong,"Thôn Thuận Long, xã Quế Phong, huyện Quế Sơn, Quảng Nam.",8,108.178606,15.647144,
CSHT_QNM_00228,Trạm BD Kiểm Lâm,"Bưu điện Kiểm Lâm, Thôn La Tháp Tây, Xã Duy Hoà, Huyện Duy Xuyên",7,108.121730,15.838340,
CSHT_QNM_00229,Trạm Cù Lao Chàm,"BD Cù Lao Chàm, đảo Cù Lao Chàm, Tp Hội An, tỉnh Quảng Nam",4,108.506380,15.958200,
CSHT_QNM_00230,Trạm Tam Phú 4,"Thôn Tân Phú, xã Tam Phú, TP Tam Kỳ, tỉnh Quảng Nam",1,108.501650,15.576280,
CSHT_QNM_00231,Trạm Bình Lãnh,"Thôn 3, Xã Bình Lãnh, Huyện Thăng Bình",6,108.252750,15.640810,
CSHT_QNM_00232,Trạm Phước Hiệp,"Xã Phước Hiệp, huyện Phước Sơn, Quảng Nam",9,107.936228,15.460992,
CSHT_QNM_00233,Trạm Chaval,"Thôn A Pát, xã Cha Val, huyện Nam Giang, tỉnh Quảng Nam",11,107.508690,15.620250,
CSHT_QNM_00234,Trạm UB Phước Xuân,"Xã Phước Xuân,Phước Sơn,QNM",9,107.821780,15.491390,
CSHT_QNM_00235,Trạm Tam Lãnh 2,"Thôn 10, xã Tam Lãnh, huyện Phú Ninh, tỉnh Quảng Nam",1,108.409230,15.415440,
CSHT_QNM_00236,Trạm (Phú Nhuận) Duy Tân,"Thôn Phú Nhuận, Xã Duy Tân, Huyện Duy Xuyên, Quảng nam",7,108.090100,15.814630,
CSHT_QNM_00237,Trạm DakMi 1,"Ngã ba Làng Hồi, Xã Phước Xuân, Huyện Phước Sơn, tỉnh Quảng Nam",9,107.824250,15.457270,
CSHT_QNM_00238,Trạm Phước Kim,"Xã Phước Kim, Huyện Phước Sơn, Quảng Nam",9,107.882660,15.335510,
CSHT_QNM_00239,Trạm CLDC Tam Dân,"Thôn Kỳ Tân, xã Tam Dân, huyện Phú Ninh, tỉnh Quảng Nam",1,108.423669,15.513813,
CSHT_QNM_00240,Trạm Phú Thọ,"Đối diện UBND xã Phú Thọ, Quế Sơn, Quảng Nam",8,108.289007,15.736107,
CSHT_QNM_00241,Trạm PSB Tam Tiến,"Bưu điện văn hóa xã Tân Tiến, thôn Tân Bình Trung, xã Tam Tiến, huyện Núi Thành",2,108.563120,15.560211,
CSHT_QNM_00242,Trạm Trà Giác,"Thôn 6 Cẩm Hà, Huyện Bắc Trà My, Tỉnh Quảng Nam",3,108.177280,15.238910,
CSHT_QNM_00243,Trạm Thôn 1 Quế Lưu,Thôn 1 Quế Luu huyện Hiệp Đức,9,108.106960,15.561430,
CSHT_QNM_00244,Trạm Bàn Thạch (Duy Vinh),"BĐVHX Duy Vinh, Thôn Vĩnh Nam, Xã Duy Vinh,  Huyện Duy Xuyên",7,108.327160,15.833020,
CSHT_QNM_00245,Trạm KCN Điện Nam,"KCN Điện Nam, xã Điện Ngọc, huyện Điện Bàn, Quảng Nam",5,108.255360,15.935520,
CSHT_QNM_00246,Trạm Thăng Phước,"Thôn Phú Toản, xã Thăng Phước, huyện Hiệp Đức, Quảng Nam",9,108.150320,15.568420,
CSHT_QNM_00247,Trạm Quế Phước,"Thôn Đông An, Xã Quế Phước, huyện Nông Sơn, tỉnh Quảng Nam",8,107.993470,15.670340,
CSHT_QNM_00248,Trạm CLDC Hà Tân,"Thôn Hà Tân, xã Đại Lãnh, huyện Đại Lộc, tỉnh Quảng Nam",10,107.914130,15.846150,
CSHT_QNM_00249,Trạm Quế Lộc,"Thôn Lộc Trung, Xã Quế Lộc,  Huyện Nông Sơn",8,108.103610,15.703580,
CSHT_QNM_00250,Trạm Tam Hải,"Xã Tam Hải, huyện Núi Thành, tỉnh Quảng Nam",2,108.668720,15.486120,
CSHT_QNM_00251,Trạm Điện Phong,"Thôn Tân Thành, Xã Điện Phong, Huyện Điện Bàn",5,108.238840,15.849900,
CSHT_QNM_00252,Trạm Đăk Pring,"Khu vực đồn biên phòng Đắk Ring, huyện Nam Giang",11,107.571610,15.573320,
CSHT_QNM_00253,Trạm Khu Dân Cư số 1(An Mỹ),"Bưu cục An Mỹ, 97 Nguyễn Duy Hiệu, P. An Mỹ, Tp. Tam Kỳ",1,108.476640,15.565790,
CSHT_QNM_00254,Trạm Nam Trà My,"Đài viễn thông Nam Trà My, Thị trấn Trà Mai, Huyện Nam Trà My",3,108.122540,15.147640,
CSHT_QNM_00255,Trạm Đại Hòa(Quảng Huế ),"Trạm VT Quảng Huế, tổ 3, thôn Quảng Quế, xã Đại Hoà, Huyện Đại Lộc",10,108.121680,15.853340,
CSHT_QNM_00256,Trạm Hiệp Hòa,"Thôn 3, Xã Hiệp Hòa, Huyện Hiệp Đức, tỉnh Quảng Nam",9,108.035950,15.579150,
CSHT_QNM_00257,Trạm Tiên Lộc,"Thôn 2, Xã Tiên Lộc, Huyện Tiên Phước, tỉnh Quảng Nam",3,108.343960,15.467850,
CSHT_QNM_00258,Trạm Tiên Phong,"Thôn 3, Xã Tiên Phong, Huyện Tiên Phước, tỉnh Quảng Nam",3,108.357190,15.521530,
CSHT_QNM_00259,Trạm Điện Quang,"BĐVHX Điện Quang, Thôn Thành Mỹ, Xã Điện Quang,  Huyện Điện Bàn",5,108.170390,15.840910,
CSHT_QNM_00260,Trạm Tam Hòa,"Xã Tam Hòa, Huyện Núi Thành, tỉnh Quảng Nam",2,108.609920,15.506470,
CSHT_QNM_00261,Trạm Tây Giang,"Đài viễn thông Tây Giang, thôn Agrồng, Thị trấn Tây Giang, Huyện Tây Giang",11,107.491530,15.887330,
CSHT_QNM_00262,Trạm Tam Nghĩa,"Thôn Hòa Mỹ, Xã Tam Nghĩa, Huyện Núi Thành",2,108.686740,15.400650,
CSHT_QNM_00263,Trạm Bình nguyên,"Thôn 1 Thanh Ly, Xã Bình Nguyên, Huyện Thăng Bình",6,108.343880,15.760650,
CSHT_QNM_00264,Trạm Bắc chu lai 2,"KCN Bắc Chu Lai -Huyện Núi Thành, Quảng Nam",2,108.596440,15.444720,
CSHT_QNM_00265,Trạm NGOK REN,Thôn 2 xã Trà Mai huyện Nam Trà My tỉnh Quảng Nam,3,108.119437,15.176943,
CSHT_QNM_00266,Trạm 83 Lưu Quý Kỳ,"83 Lưu Quý Kỳ, phường Minh An, TP Hội An, tỉnh Quảng Nam",4,108.325996,15.874870,
CSHT_QNM_00267,Trạm Đồi 211,"Thôn 3, xã Tiên Mỹ, huyện Tiên Phước, tỉnh Quảng Nam",3,108.306700,15.504500,
CSHT_QNM_00268,Trạm Xuyên Tây (3G),Thôn Xuyên Tây thị trấn Nam Phước,7,108.272840,15.833050,
CSHT_QNM_00269,Trạm UB Thanh Hà,"UBND Phường Thanh Hà,TP Hội An",4,108.308310,15.885360,
CSHT_QNM_00270,Trạm Sông Tranh,"Thôn 4, xã Trà Tân, huyện Bắc Trà My",3,108.165280,15.331670,
CSHT_QNM_00271,Trạm Đồi Tiên Lãnh,"Đồi Tiên Lãnh, xã Tiên Lãnh, huyện Phú Ninh",3,108.172700,15.463180,
CSHT_QNM_00272,Trạm CLDC Trà Ka,"Thôn 2, xã Trà Ka, huyện Bắc Trà My, Tỉnh Quảng Nam.",3,108.279442,15.201940,
CSHT_QNM_00273,Trạm Zà Hung,"Thôn A Sanh 2, Xã Za Hung, Huyện Đông Giang, tỉnh Quảng Nam",11,107.647950,15.887550,
CSHT_QNM_00274,Trạm Duy Xuyên,"Trung tâm viễn thông II, Thị trấn Nam Phước, Huyện Duy Xuyên",7,108.283330,15.840470,
CSHT_QNM_00275,Trạm Nam Hùng Vương,"Bưu cục Nam Hùng Vương, Khối 7, Phường An Sơn, Tp. Tam Kỳ",1,108.499210,15.553400,
CSHT_QNM_00276,Trạm Tam Đàn,"KCN Tam Đàn, thôn Thạnh Hòa 2, xã Tam Đàn, huyện Phú Ninh",1,108.442600,15.588800,
CSHT_QNM_00277,Trạm Vĩnh Bình (3G),"Thôn Vĩnh Bình, Tam Thăng, Tam Kỳ, Quảng Nam",1,108.475330,15.617660,
CSHT_QNM_00278,Trạm Xã Ba (QT Viettel),"Thôn Tà Lau, xã Ba, huyện Đông Giang",11,107.881890,15.967860,
CSHT_QNM_00279,Trạm Hà Lam 2,"Tổ 1, thị trấn Hà Lam, huyện Thăng Bình Tỉnh Quảng Nam",6,108.348260,15.728510,
CSHT_QNM_00280,Trạm Điện Hòa,"BĐVHX Điện Hòa, thôn La Thọ 2, xã Điện Hòa, huyện Điện Bàn, tỉnh Quảng Nam",5,108.200940,15.932250,
CSHT_QNM_00281,Trạm 100 Trần Phú,"100 Trần Phú,Hội An,Quảng Nam",4,108.329030,15.877300,
CSHT_QNM_00282,Trạm CLDC Phước Trà,"Khu vực xã Phước Trà 2, huyện Hiệp Đức",9,108.059480,15.489770,
CSHT_QNM_00283,Trạm Tam Phước,"Thôn 3, xã Tam Phước, huyện Phú Ninh, tỉnh Quảng Nam",1,108.397169,15.568487,
CSHT_QNM_00284,Trạm Tiên Lộc 1 (Bình Đào),"Tổ 14 thôn Vân Tiên, xã Bình Đào, huyện Thăng Bình",6,108.438900,15.734810,
CSHT_QNM_00285,Trạm BĐ Tam Thanh (New),"Khu vực thành phố Tam Kỳ, tỉnh Quảng Nam",1,108.539370,15.606180,
CSHT_QNM_00286,Trạm Hưng Mỹ,"Thôn Hưng Mỹ, xã Bình Triều, Huyện Thăng Bình, QNM",6,108.417510,15.729170,
CSHT_QNM_00287,Trạm Thôn 8 Phước Hiệp,"Xã Phước Kim, Huyện Phước Sơn, Quảng Nam",9,107.986960,15.385050,
CSHT_QNM_00288,Trạm Vùng B (Đại Thắng),"Tổ 6, thôn Phú An, xã Đại Thắng, huỵên Đại Lộc, tỉnh Quảng Nam",10,108.075230,15.827190,
CSHT_QNM_00289,Trạm Điện Phương (UBND Xã),"UBND xã Điện Phương, thôn Kim Trung 1, xã Điện Phương, huyện Điện Bàn, tỉnh Quảng Nam",5,108.279980,15.877710,
CSHT_QNM_00290,Trạm CLDC TAUL,"KV Thôn Taul, Huyện Nam Giang  , Tỉnh Quảng Nam",11,107.569890,15.655310,
CSHT_QNM_00291,Trạm Bàn Than (Tam Hải),"Thôn Bàn Than, Xã Tam Hải , huyện Núi thành, tỉnh Quảng Nam",2,108.679510,15.507280,
CSHT_QNM_00292,Trạm Hội An,"Viễn thông Hội An, 06 Trần Hưng Đạo, Phường Minh An, Tp. Hội An",4,108.331780,15.879980,
CSHT_QNM_00293,Trạm CLDC Trà Bui,Thôn 1 - xã Trà Bui - huyện Bắc Trà My - T. Quảng Nam,3,108.051960,15.349810,
CSHT_QNM_00294,Trạm CLDC Châu Sơn,"Thôn Châu Sơn, xã Quế An, huyện Quế Sơn",8,108.188720,15.637930,
CSHT_QNM_00295,Trạm Đồi Vượn Rạnh,Tổ 3 - Thôn Trung An - xã Quế Trung - h. Nông Sơn - T. Quảng Nam,8,108.061280,15.753020,
CSHT_QNM_00296,Trạm An Dưỡng,"Thôn An Dưỡng, xã Bình An, huyện Thăng Bình",6,108.421656,15.654745,
CSHT_QNM_00297,Trạm Khu 4 Ái Nghĩa (3G),"Khu 4, TT Ái Nghĩa, Đại Lộc, Quảng Nam",10,108.116601,15.897942,
CSHT_QNM_00298,Trạm Trà Giáp,"Xã Trà Giáp, Huyện Bắc Trà My,Quảng Nam",3,108.241870,15.225050,
CSHT_QNM_00299,Trạm Điện Thọ,"BĐVHX Điện Thọ, thôn La Trung, xã Điện Thọ, huyện Điện Bàn, tỉnh Quảng Nam",5,108.184010,15.906770,
CSHT_QNM_00300,Trạm Đức Bố,"Thôn Đức Bố 2, Tam Anh, Núi Thành, QNM",2,108.544650,15.504360,
CSHT_QNM_00301,Trạm Thôn 4 Duy Hòa,"Thôn 4, xã Duy Hòa, huyện Duy Xuyên",7,108.107710,15.816280,
CSHT_QNM_00302,Trạm CLDC Bàn Sơn,"Thôn Bàn Sơn, xã Duy Phú, huyện Duy Xuyên",7,108.081570,15.781030,
CSHT_QNM_00303,Trạm Bến xe Hội An,"Khối 1, Bến xe Hội An, Tp Hội An, Quảng Nam",4,108.321710,15.881610,
CSHT_QNM_00304,Trạm Trung Phước,"Bưu điện Nông Sơn, thôn Trung Phước 1, xã Quế Trung, huyện Nông Sơn",8,108.060403,15.719647,
CSHT_QNM_00305,Trạm Thôn 5 Phú Thọ,"Thôn 5, xã Phú Thọ, huyện Quế Sơn",8,108.305749,15.713072,
CSHT_QNM_00306,Trạm Chợ Vĩnh Huy,"Chợ Vinh Huy, Xã Bình Trị, Thăng Bình, Quảng Nam",6,108.287110,15.641130,
CSHT_QNM_00307,Trạm Điện An (UB xã Điện An),"UBND xã Điện An, thôn Phong Nhi, xã Điện An, huyện Điện Bàn, tỉnh Quảng Nam",5,108.237910,15.903250,
CSHT_QNM_00308,Trạm Trà Kiệu,"Thôn Trà Kiệu, xã Duy Sơn, Huỵên Duy Xuyên, tỉnh Quảng Nam",7,108.231700,15.824780,
CSHT_QNM_00309,Trạm Cao Nhí,"Thôn Cao Nhí, Xã Điện An, Huyện Điện Bàn, tỉnh Quảng Nam",5,108.227700,15.884730,
CSHT_QNM_00310,Trạm Việt An,"Trạm viễn thông Việt An, Thôn Việt An, Xã Bình Lâm, Huyện Hiệp Đức",9,108.220950,15.617670,
CSHT_QNM_00311,Trạm Hiệp Hưng Bình Hải,"Xã Bình Hải, Huyện Thăng Bình, QNM",6,108.464290,15.717880,
CSHT_QNM_00312,Trạm Suối Mơ,"Tổ 4, Thôn An Định, Xã Đại Đồng, Huyện Đại Lộc",10,108.019420,15.877500,
CSHT_QNM_00313,Trạm Trà Nam,"Xã Trà Nam, Nam Trà My, Quảng Nam",3,108.070400,15.038040,
CSHT_QNM_00314,Trạm Điện Tiến 2,"Thôn 2 Thái Sơn, Xã Điện Tiến, Huyện Điện Bàn",5,108.178530,15.939500,
CSHT_QNM_00315,Trạm Tam Mỹ Tây,"Xã Tam Mỹ Tây, huyện Núi Thành, tỉnh Quảng Nam",2,108.614530,15.392100,
CSHT_QNM_00316,Trạm ĐTT Nam Trà My,"Thị trấn Trà Mai, huyện Nam Trà My",3,108.116700,15.147650,
CSHT_QNM_00317,Trạm Tú Bình,"Thôn Tú Bình, xã Tam Vinh, huyện Phú Ninh",1,108.386829,15.536253,
CSHT_QNM_00318,Trạm Duy sơn,"Thôn Phú Nham Đông, Xã Duy Sơn, Huyện Duy Xuyên",7,108.216780,15.807980,
CSHT_QNM_00319,Trạm Tam Lãnh,"Thôn An Lâu 1, xã Tam Lãnh, huyện Phú Ninh, tỉnh Quảng Nam",1,108.408330,15.432300,
CSHT_QNM_00320,Trạm Tiên An,"Thôn 3, xã Tiên An, huyện Tiên Phước, tỉnh Quảng Nam",3,108.319780,15.425390,
CSHT_QNM_00321,Trạm Tiên Châu,"Xã Tiên Châu, Huyện Tiên Phước, tỉnh Quảng Nam",3,108.293750,15.509480,
CSHT_QNM_00322,Trạm Bình Giang 2,Thôn 4 Xã Bình Giang huyện Thăng Bình Tỉnh Quảng Nam,6,108.378040,15.781180,
CSHT_QNM_00323,Trạm 405 Trà Dương,"Đồi 405 Trà Dương,Xã Trà Dương,Bắc Trà My,Quảng Nam",3,108.260120,15.396830,
CSHT_QNM_00324,Trạm CLDC La Dê,"Xã La Dee, huyên Nam Giang, Quảng Nam",11,107.410780,15.573660,
CSHT_QNM_00325,Trạm Bình Định,"Thôn Đồng Dương, xã Bình Định, huyện Thăng Bình Quảng Nam",6,108.306630,15.678260,
CSHT_QNM_00326,Trạm Đại Phong,"Tổ 2, thôn Phú Phước, xã Đại Phong, Huyện Đại Lộc",10,108.043740,15.852600,
CSHT_QNM_00327,Trạm Tiên Cảnh,"Thôn 5 xã Tiên Cảnh, huyện Tiên Phước, tỉnh Quảng Nam",3,108.294940,15.462700,
CSHT_QNM_00328,Trạm Đức Phú,"Thôn Đức Phú, Tam Thanh, Núi Thành, QNM",2,108.554860,15.436340,
CSHT_QNM_00329,Trạm PSB Cù Lao Chàm,"Cù lao Chàm, xã Tân Hiệp, TP Hội An",4,108.500430,15.969690,
CSHT_QNM_00330,Trạm Nhơn Bồi,"Thôn 4 Nhơn Bồi, xã Duy Thành, Huyện Duy Xuyên, tỉnh Quảng Nam.",7,108.349800,15.834030,
CSHT_QNM_00331,Trạm Mỹ Phước - Duy Xuyên,"thôn Mỹ Phước,xã Duy Phước, Huyện Duy Xuyên, tỉnh Quảng Nam",7,108.298870,15.857250,
CSHT_QNM_00332,Trạm Duy Thành,"Thôn An Lạc, xã Duy Thành, Huyện Duy Xuyên, tỉnh Quảng Nam.",7,108.322170,15.815490,
CSHT_QNM_00333,Trạm Outdoor Nguyễn Thái Học,"Nguyễn Thái Học, khối 4, P. An Mỹ, TP Tam Kỳ",1,108.483830,15.565340,
CSHT_QNM_00334,Trạm Trường Xuân 2,"Khối phố 5, Phường Trường Xuân, TP Tam Kỳ",1,108.467650,15.546320,
CSHT_QNM_00335,Trạm Thanh Trà (3G),"Xã thanh trà, TT Núi Thành",2,108.669790,15.417480,
CSHT_QNM_00336,Trạm Thôn 3 Tam Phú (3G),"Thôn Phú Quý, Xã tam Phú, TP Tam Kỳ, Quảng Nam",1,108.533001,15.595700,
CSHT_QNM_00337,Trạm An Xuân (CSN),611 Phan Chu Trinh Tp Tam Kỳ,1,108.498400,15.562400,
CSHT_QNM_00338,Trạm Tam An (Tháp - 3G),"Xã Tam An, Huyện Phú Ninh",1,108.446650,15.603660,
CSHT_QNM_00339,Trạm Tứ Ngân (3G),"Thôn Tứ Ngân, Phường Điện Ngọc, TX Điện Bàn, tỉnh Quảng Nam",5,108.240250,15.954150,
CSHT_QNM_00340,Trạm Cầu Cửa Đại,"Thôn 2, xã Cẩm Thanh, TP Hội An",4,108.371790,15.870930,
CSHT_QNM_00341,Trạm Đinh An - Nam Phước (3G),"Thôn Đình An, thị trấn Nam Phước, huyện Duy Xuyên",7,108.276410,15.852910,
CSHT_QNM_00342,"Trạm Phú Phong, An Phú (3G)","Thôn Phú Phong, Phường An Phú, TP Tam Kỳ, Quảng Nam",1,108.495900,15.584760,
CSHT_QNM_00343,Trạm La Thọ,"Thôn La Thọ 3, xã Điện Hòa Huyện Điện Bàn, tỉnh Quảng Nam.",5,108.200350,15.915170,
CSHT_QNM_00344,Trạm Xuân Ngọc,"Thôn Xuân Ngọc 2, xã Tam Anh Nam, Huyện Núi thành, tỉnh Quảng Nam.",2,108.578510,15.456440,
CSHT_QNM_00345,Trạm Thắng Đông,"Thôn Thắng Đông 2, xã Quế An, Huyện Quế Sơn, tỉnh Quảng Nam.",8,108.205470,15.635950,
CSHT_QNM_00346,Trạm Thôn 5 Tam Sơn,"Thôn 5 Tam Sơn, xã Tam Sơn, Huyện Núi thành, tỉnh Quảng Nam.",2,108.505100,15.436510,
CSHT_QNM_00347,Trạm Cẩm Đồng - Điện Phong,"Thôn Cẩm Đồng, xã Điện Phong, Huyện Điện Bàn, tỉnh Quảng Nam.",5,108.239490,15.876550,
CSHT_QNM_00348,Trạm KCN Bắc Chu Lai 2,"KCN Bắc Chu Lai, Xã Tam Hiệp, Huyện Núi Thành, Tỉnh Quảng Nam",2,108.613550,15.443600,
CSHT_QNM_00349,Trạm KDC6 Tân Thạnh (3G),"Khu dân cư số 6, phường Tân Thạnh, TP Tam Kỳ, Quảng Nam",1,108.480810,15.579410,
CSHT_QNM_00350,Trạm 450 Hùng Vương,450 Hùng Vương,1,108.491010,15.557470,
CSHT_QNM_00351,Trạm Mỏ vàng Phước Đức,"Thôn 5 xã Phước Đức, huyện Phước Sơn, tỉnh Quảng Nam",9,107.725860,15.490710,
CSHT_QNM_00352,Trạm CLDC Thôn 5 Tiên Sơn,"Thôn 5, xã Tiên Sơn, huyện Tiên Phước",3,108.251390,15.589430,
CSHT_QNM_00353,Trạm Trà Kót,"Thôn 2B, xã Trà Kót, huyện Bắc Trà My",3,108.388467,15.359998,
CSHT_QNM_00354,Cell_RRU Biển Rạng,"Thôn Thanh Long, xã Tam Quang, huyện Núi Thành",2,108.695400,15.440350,
CSHT_QNM_00355,Hương Sơn Hòa Hương,"Khối Hương sơn, phường Hòa Hương, TP Tam Kỳ",1,108.512040,15.561360,
CSHT_QNM_00356,Cell_RRU Khối 9 An Mỹ,"Khối 9, phường An Mỹ, TP Tam Kỳ",1,108.469830,15.566970,
CSHT_QNM_00357,Thạch Tân Tam Thăng,"Thôn Thạch Tân, xã Tam Thăng, TP Tam Kỳ",1,108.459482,15.611091,
CSHT_QNM_00358,Cell_RRU Inbuilding Mường Thanh,"351A Đường Hùng Vương, Phường An Xuân, TP Tam Kỳ",1,108.486826,15.561102,
CSHT_QNM_00359,Cell_RRU Tam Hiệp Đại Sơn,"Thôn Tam Hiệp, xã Đại Sơn, huyện Đại Lộc",10,107.852960,15.817330,
CSHT_QNM_00360,CLDC Thành Mỹ 3,"TT Thành Mỹ, huyện Nam Giang",11,107.830633,15.764290,
CSHT_QNM_00361,NVH Phước Thịnh,"Nhà Văn Hóa khối Phước Thịnh, phường Cửa Đại, TP Hội An",4,108.386663,15.882255,
CSHT_QNM_00362,456 Cửa Đại,"456 Cửa Đại, P. Cẩm Châu, TP Hội An",4,108.343094,15.881176,
CSHT_QNM_00363,Cell_RRU Khách sạn Victoria,"Đường Âu Cơ, P. Cửa Đại, TP Hội An",4,108.370100,15.894980,
CSHT_QNM_00364,Thôn Tây Yên Tam Đàn,"Thôn Tây Yên, xã Tam Đàn, huyện Phú Ninh",1,108.447053,15.565789,
CSHT_QNM_00365,Trung Nam Trung Phước,"Xóm 2, thôn Trung Nam, xã Quế Trung, huyện Nông Sơn0",8,108.078300,15.715140,
CSHT_QNM_00366,Tân Phong Quế Lộc,"Thôn Tân Phong, xã Quế Lộc, huyện Quế Sơn",8,108.124018,15.693309,
CSHT_QNM_00367,Thôn Ngọc Bích Tam Ngọc,"Thôn Ngọc Bích, xã Tam Ngọc, TP Tam Kỳ",1,108.481111,15.543889,
CSHT_QNM_00368,Đức Ký Nam Điện Thọ,"Thôn Đức Ký Nam, xã Điện Thọ, huyện Điện Bàn",5,108.175090,15.913844,
CSHT_QNM_00369,Cell_RSU Khe Diên,"Xã Phước Ninh, huyện Nông Sơn",8,107.963404,15.698701,
CSHT_QNM_00370,Cell_RSU Quế Ninh,"Xã Quế Ninh, huyện Nông Sơn",8,108.028343,15.693980,
CSHT_QNM_00371,Small Cell Ngã 4 Lê Lợi Nguyễn Thái Học,"Ngã 4, Nguyễn Thái Học, Lê Lợi, phường Minh An, TP Hội An",4,108.328600,15.876520,
CSHT_QNM_00372,Small Cell Resort Nam Hải,"Hạ My Đông B, P. Điện Dương, TX Điện Bàn",5,108.316100,15.927130,
CSHT_QNM_00373,Small Cell Chùa Cầu,"KV Chùa Cầu, đường Nguyễn Thị Minh Khai, TP Hội An",4,108.326100,15.877130,
CSHT_QNM_00374,Small Cell Nga 3 Bạch Đằng Nguyễn Thái Học,"117-119 Nguyễn Thái Học, P. Minh An, TP Hội An",4,108.327100,15.876550,
CSHT_QNM_00375,Small Cell Chợ Hội An,"13 đường Bạch Đằng, P. Minh An, TP Hội An",4,108.332500,15.876680,
CSHT_QNM_00376,12 Đào Duy Từ,"Số 12 Đào Duy Từ, phường Tân Thạnh, TP Tam Kỳ",1,108.473597,15.573439,
CSHT_QNM_00377,Cell_RRU Thôn Thượng Phước Quế Thuận,"Thôn Thượng Phước, xã Quế Thuận, huyện Quế Sơn",8,108.273616,15.721573,
CSHT_QNM_00378,Trạm Thôn Phú Sơn Xã Ba,"Thôn Phú Sơn, xã Ba, huyện Đông Giang",11,107.944114,15.956972,
CSHT_QNM_00379,Thôn A Dinh Chaval,"Thôn A Dinh, xã ChaVal, huyện Nam Giang",11,107.482170,15.601310,
CSHT_QNM_00380,Thôn Cẩm Tú Quế Thọ,"Thôn Cẩm Tú, xã Quế Thọ, huyện Hiệp Đức",9,108.142500,15.603420,
CSHT_QNM_00381,Khương Mỹ Tam Xuân,"Thôn Khương Mỹ, Tam Xuân 1",2,108.508840,15.545050,
CSHT_QNM_00382,An Lương Tam Anh Bắc,"Thôn An Lương, Xã Tam Anh Bắc",2,108.568540,15.498720,
CSHT_QNM_00383,Thôn 3 Duy Hải,"Thôn 3, xã Duy Hải",7,108.393357,15.841742,
CSHT_QNM_00384,Thôn 1 Trà Nú,"Thôn 1, xã Trà Nú",3,108.328236,15.353137,
CSHT_QNM_00385,Khối 8 An Sơn,"Khối 8, Phường An Sơn, TP Tam Kỳ",1,108.492400,15.551690,
CSHT_QNM_00386,Thôn Tú Sơn Bình Trung,"Tổ 3, thôn Tứ Sơn, xã Bình Trung",6,108.437177,15.676275,
CSHT_QNM_00387,Thôn Việt Sơn Bình Trị,"Tổ 4, thôn Việt Sơn, xã Bình Trị",6,108.279898,15.653443,
CSHT_QNM_00388,Thôn Quý Phước Bình Quý,"Thôn Quý Phước, xã Bình Quý",6,108.344925,15.691290,
CSHT_QNM_00389,Thôn Đông Đức Bình Định,"Thôn Đông Đức, xã Bình Định Nam",6,108.319302,15.652701,
CSHT_QNM_00390,Thôn 1 Bình Dương,"Thôn 1, xã Bình Dương",6,108.361320,15.822010,
CSHT_QNM_00391,Thôn Tú Trà Bình Chánh,Tổ 7 Thôn Tú Trà xã Bình Chánh,6,108.370133,15.677543,
CSHT_QNM_00392,Thôn 6 Tiên Thọ,"Thôn 6, xã Tiên Thọ",3,108.342056,15.478498,
CSHT_QNM_00393,Thôn Long Phú Tam Nghĩa,"Thôn Long Phú, xã Tam Nghĩa",2,108.674945,15.395962,
CSHT_QNM_00394,Thôn Vĩnh Quý Tam Vinh,"Thôn Vĩnh Quý, xã Tam Vinh",1,108.385960,15.564344,
CSHT_QNM_00395,Thôn Thăng Tân Tam Thăng,"Thôn Thăng Tân , xã Tam Thăng",1,108.494282,15.624001,
CSHT_QNM_00396,Thôn Thanh Đông Tam Thanh,"Thôn Thanh Đông, xã Tam Thanh",1,108.528760,15.617896,
CSHT_QNM_00397,Thôn Ngọc Mỹ Tam Phú,"Thôn Ngọc Mỹ, xã Tam Phú",1,108.514970,15.606410,
CSHT_QNM_00398,Thôn Thọ Tân Tam Ngọc,"tổ 5, thôn Thọ Tân, xã Tam Ngọc",1,108.492443,15.541215,
CSHT_QNM_00399,Thôn Lộc Đại Quế Hiệp,"Thôn Lộc Đại, xã Quế Hiệp",8,108.206189,15.701246,
CSHT_QNM_00400,Thôn Cang Đông Quế Châu,"Thôn Cang Đông ,Xã Quế Châu",8,108.238573,15.680150,
CSHT_QNM_00401,Thôn 2A Quế Châu,"Thôn 2A, xã Quế Châu",8,108.270250,15.681600,
CSHT_QNM_00402,Thôn 7 Hương An,Thôn 7 xã Hương An,8,108.331200,15.788610,
CSHT_QNM_00403,Thôn Thành Mỹ Tam Phước,"Thôn Thành Mỹ, xã Tam Phước",1,108.408341,15.590463,
CSHT_QNM_00404,Eo Gió Tam Lộc,"Khu vực đèo Eo Gió, xã Tam Lộc",1,108.338830,15.566490,
CSHT_QNM_00405,Thôn Phú Khuê Tam Xuân 2,"Tổ 4, thôn Phú Khuê, xã Tam Xuân 2",2,108.528409,15.529894,
CSHT_QNM_00406,Thôn Tịch Đông Tam Xuân 1,"Thôn Tịch Đông, Tam Xuân 1",2,108.541200,15.556200,
CSHT_QNM_00407,Thôn 1 Tam Xuân 1,"Thôn 1, xã Tam Xuân 1",2,108.493040,15.519040,
CSHT_QNM_00408,Thôn Phú Mỹ Tam Trà,"Thôn Phú Mỹ, xã Tam Trà, huyện Núi Thành",2,108.524470,15.387299,
CSHT_QNM_00409,Thôn Danh Sơn Tam Sơn,Thôn  Danh Sơn xã Tam Sơn,2,108.437010,15.433240,
CSHT_QNM_00410,Thôn Sâm Linh Tam Quang,"Thôn Sâm Linh, xã Tam Quang",2,108.673590,15.464740,
CSHT_QNM_00411,Thôn Long Bình Tam Nghĩa,"Tổ 9, thôn Long Bình, xã Tam Nghĩa",2,108.670054,15.428142,
CSHT_QNM_00412,Thôn Vân Trai Tam Hiệp,"Thôn Vân Trai, xã Tam Hiệp",2,108.639940,15.429194,
CSHT_QNM_00413,Thôn Thọ Khương Tam Hiệp,"Thôn Thọ Khương, xã Tam Hiệp",2,108.624215,15.432456,
CSHT_QNM_00414,Thôn Đông Xuân Tam Giang,"Thôn Đông Xuân, xã Tam Giang",2,108.651140,15.470360,
CSHT_QNM_00415,K8 Tà Lu,"Dốc K8, xã Tà Lu",11,107.744973,15.951834,
CSHT_QNM_00416,Khối Phố chợ Vĩnh Điện,"Khu phố chợ Vĩnh Điện, thị trấn Vĩnh Điện",5,108.243540,15.892850,
CSHT_QNM_00417,Thôn Hạ Nông Đông Điện Phước,"Thôn Hạ Nông Đông, xã Điện Phước",5,108.210720,15.899950,
CSHT_QNM_00418,Thôn Cẩm Vân Nam Điện Hồng,"Thôn Cẩm Văn Nam, xã Điện Hồng",5,108.164340,15.896010,
CSHT_QNM_00419,Thôn 2 Điện Hồng,"Thôn 2, xã Điện Hồng",5,108.143500,15.875100,
CSHT_QNM_00420,Thôn Phiếm Ái Đại Nghĩa,"Thôn Phiếm Ái 1, xã Đại Nghĩa",10,108.099060,15.874861,
CSHT_QNM_00421,Thôn Nghĩa Bắc Đại Nghĩa,"tổ 5, thôn Nghĩa Bắc, xã Đại Nghĩa",10,108.099429,15.892324,
CSHT_QNM_00422,Thôn Thượng Phước Đại Hòa,"thôn Thượng Phước, xã Đại Hòa",10,108.130843,15.852196,
CSHT_QNM_00423,Thôn Đông Phú Đại Hiệp,"Thôn Đông Phú, xã Đại Hiệp",10,108.136670,15.926750,
CSHT_QNM_00424,Thôn Ô Gia Nam Đại Cường,"Thôn ô Gia Nam, xã Đại Cường",10,108.085190,15.858220,
CSHT_QNM_00425,Thôn Phú Lộc Đại An,"Tổ 3, thôn Phú Lộc, xã Đại An",10,108.111059,15.866982,
CSHT_QNM_00426,Thôn Xuyên Tây 1 Nam Phước,"Thôn Xuyên Tây 1, TT Nam Phước",7,108.256450,15.836650,
CSHT_QNM_00427,Thôn Trà Đông Duy Vinh,"Thôn Trà Đông, xã Duy Vinh",7,108.338830,15.856470,
CSHT_QNM_00428,Thôn Trung Đông Duy Trung,"Thôn Trung Đông, xã Duy Trung",7,108.249950,15.820070,
CSHT_QNM_00429,Thôn 5 Duy Hải,"Thôn 5, xã Duy Hải",7,108.396530,15.868650,
CSHT_QNM_00430,Thôn 8 Trà Tân,"Thôn 8, xã Trà Tân",3,108.124980,15.314280,
CSHT_QNM_00431,Cell_RRU Khách sạn Hoàng Gia,"39 Đào Duy Từ, Cẩm Phô, Hội An",4,108.319946,15.876726,
CSHT_QNM_00432,Trạm Khâm Đức (Nhà Máy Nước),"Xã Phước Xuân, huyện Phước Sơn",9,107.799775,15.460721,
CSHT_QNM_00433,Tổ Minh Đông Bắc Trà My,"Tổ Minh Đông, TT Bắc Trà My",3,108.234305,15.352280,
CSHT_QNM_00434,Thôn Thạch Hưng Tam Xuân 2,"Thôn Thạch Hưng, xã Tam Xuân 2",2,108.528136,15.510345,
CSHT_QNM_00435,Thôn Mỹ Bình Tam Hiệp,"Thôn Mỹ Bình, xã Tam Hiệp",2,108.616523,15.461812,
CSHT_QNM_00436,Khối phố Nam Đông Phú Thịnh,"Hộ Nguyễn Văn Phước, tổ 1, khối phố Nam Đông, TT Phú Thịnh",1,108.405711,15.537366,
CSHT_QNM_00437,Thôn Chánh Lộc Duy Sơn,"Hộ ông Phạm Đăng Ba, tổ 3, thôn Chánh Lộc, xã Duy Sơn, huyện Duy Xuyên",7,108.191479,15.797467,
CSHT_QNM_00438,Thôn Mậu Hòa Duy Trung,"Hộ bà Lê Thị Thu Ba, thôn Mậu Hòa, xã Duy Trung, huyện Duy Xuyên",7,108.262133,15.782684,
CSHT_QNM_00439,Thôn Ngọc Sơn Tây Bình Phục,"Thôn Ngọc Sơn Tây, xã Bình Phục",6,108.363362,15.763693,
CSHT_QNM_00440,Thôn Bình Xá Bình Quế,"Thôn Bình Xá, xã Bình Quế",6,108.370543,15.622098,
CSHT_QNM_00441,Thôn Quý Thịnh 2 Bình Quý,"Tổ 9, thôn Quý Thịnh 2, xã Bình Quý",6,108.326267,15.728060,
CSHT_QNM_00442,Thôn Hòa Hữu Đại Hồng,"Thôn Hòa Hữu, xã Đại Hồng, huyện Đại Lộc",10,107.922835,15.826145,
CSHT_QNM_00443,Thôn A Hu A Tiêng,"Hộ ông: BHLING AXIM. Đ/c thôn Ahu, Xã A Tiêng, Tây Giang",11,107.490863,15.910701,
CSHT_QNM_00444,Tổ 14 Hà Lam,Tổ 14 thị trấn Hà Lam Thăn Bình,6,108.370098,15.722367,
CSHT_QNM_00445,Cell_RRU Pearl River Hội An,"12-14 Huyền Trân Công Chúa, Cẩm Châu, tp. Hội An, Quảng Nam",4,108.347588,15.874823,
CSHT_QNM_00446,KDC An Hà Quảng Phú,"Lô ND62, Đường Nguyễn Đức Trung, phường An Phú, tp Tam Kỳ",1,108.493562,15.595008,
CSHT_QNM_00447,Khu TDC Trường Xuân,"Khu tái định cư Trường Xuân, P. Trường Xuân, TP Tam Kỳ",1,108.475797,15.556801,
CSHT_QNM_00448,Vinpearl Nam Hội An,"Đường ven biển, xã Bình Dương, huyện Thăng Bình",6,108.415127,15.796976,
CSHT_QNM_00449,Bãi Làng Tân Hiệp,"Thôn Bãi Làng, xã Tân Hiệp, TP Hội An, tỉnh Quảng Nam",4,108.513832,15.939660,
